Persian,English,Province
فومن,Fuman,Gilan
جيرده,Jirdeh,Gilan
کياشهر,Kiashahr,Gilan
چابکسر,Chaboksar,Gilan
رشت,Rasht,Gilan
سراوان,Saravan,Gilan
گيلوان,Gilvan,Others
پونل,Punel,Gilan
خمام,Khomam,Gilan
ديلمان,Deylaman,Gilan
ماسوله,Masouleh,Gilan
ضيابر,Ziabar,Gilan
رودسر,Rudsar,Gilan
انزلي,Anzali,Gilan
آق چاي,Aq Chay,Others
پيربازار,Pirbazar,Gilan
رامسر,Ramsar,Mazandaran
سياهکل,Siahkal,Gilan
قزوين,Ghazvin,Others
آستانه,Astaneh,Gilan
رودبار,Rudbar,Gilan
طارم,Tarom,Others
املش,Amlash,Gilan
حسن رود,Hasanrud,Gilan
بازارجمعه,Bazar Jomeh,Gilan
کوچصفهان,Kuchesfahan,Gilan
شلمان,Shalman,Gilan
صومعه سرا,Someh Sara,Gilan
لاهيجان,Lahijan,Gilan
لاکان,Lakan,Gilan
خلخال,Khalkhal,Others
لنگرود,Langarud,Gilan
سنگر,Sangar,Gilan
لوشان,Lowshan,Gilan
کلان کلايه,Kalan Kalaye,Gilan
رستم آباد,Rostamabad,Gilan
آستارا,Astara,Gilan
رضوانشهر,Rezvanshahr,Gilan
اردبيل,Ardebil,Others
شاقاجي,Shaqaji,Gilan
منجيل,Manjil,Gilan
امامزاده هاشم,Imamzadeh Hashem,Gilan
کلاچاي,Kalachay,Gilan
تالش,Talesh,Gilan
اسالم,Asalem,Gilan
سي سنگان,Sisangan,Mazandaran
شيرگاه,Shirgah,Mazandaran
کلارآباد,Klarabad,Mazandaran
چابکسر,Chaboksar,Gilan
زرگرشهر,Zargarshahr,Mazandaran
سمنان,Semnan,Others
نور,Nur,Mazandaran
کندوان,Kandovan,Others
کردکوي,Kordkuy,Golestan
گدوک,Gadook,Others
شکتا,Shakta,Mazandaran
گرزين خيل,Garzin Kheyl,Mazandaran
سياه بيشه,Siah Bisheh,Mazandaran
تنکابن,Tonekabon,Mazandaran
گرماب,Garmab,Mazandaran
امره,Amreh,Mazandaran
کرج,Karaj,Others
گزنک,Gazank,Mazandaran
کياسر,Kiasar,Mazandaran
خزرآباد,Khazarabad,Mazandaran
کياکلا,Kiakala,Mazandaran
ورسک,Veresk,Mazandaran
نوشهر,Noshahr,Mazandaran
فريدونکنار,Fereydunkenar,Mazandaran
کلاردشت,Kelardasht,Mazandaran
بهنمير,Behnamir,Mazandaran
گتاب,Gatab,Mazandaran
شاه زيد,Shah Zeyd,Mazandaran
بابل,Babol,Mazandaran
رامسر,Ramsar,Mazandaran
پل سفيد,Pol Sefid,Mazandaran
قائمشهر,Ghaemshahr,Mazandaran
مکارود,Makarud,Mazandaran
زاغمرز,Zaghmarz,Mazandaran
پارک جنگلي,Park Jangali,Mazandaran
گلستان,Golestan,Golestan
جويبار,Juybar,Mazandaran
چالوس,Chalus,Mazandaran
سوادکوه,Savadkoh,Mazandaran
هزارچم,Hezar Cham,Mazandaran
ساري,Sari,Mazandaran
نکا,Neka,Mazandaran
عباس آباد,Abbasabad,Mazandaran
تهران,Tehran,Others
فيروزکوه,Firuzkuh,Others
امامزاده هاشم,Imamzadeh Hashem,Gilan
بندر اميرآباد,Bandar Amirabad,Mazandaran
محمودآباد,Mahmudabad,Mazandaran
سی سنگان,Sisangan,Mazandaran
رودهن,Rudehen,Others
پلور,Polour,Mazandaran
دوآب,Doab,Gilan
کياده,Kiyadeh,Mazandaran
پنجاب,Panjab,Mazandaran
رستمکلا,Rostamkala,Mazandaran
دابودشت,Dabudshet,Mazandaran
بهشهر,Behshahr,Mazandaran
بابلسر,Babolsar,Mazandaran
فريدون کنار,Fereydunkenar,Mazandaran
آمل,Amol,Mazandaran
حسين آباد,Hoseinabad,Gilan
مرزن آباد,Marzanabad,Mazandaran
گلوگاه,Galugah,Mazandaran
کردکوي,Kordkuy,Golestan
توسکستان,Tuskestan,Golestan
جنگل گلستان,Jangal Golestan,Golestan
گرگان,Gorgan,Golestan
آق قلا,Aq Qala,Golestan
مرزپل,Marzpol,Golestan
تنگراه,Tangrah,Golestan
خوش ييلاق,Khosh Yeylagh,Golestan
اينچه برون,Incheh Borun,Golestan
گنبد,Gonbad,Golestan
شاهرود,Shahrud,Others
محور توسکستان,Mehvar Tuskestan,Golestan
گميشان,Gomishan,Golestan
بندرترکمن,Bandar Turkman,Golestan
گاليکش,Galikesh,Golestan
مينودشت,Minoodasht,Golestan
آزادشهر,Azadshahr,Golestan
کلاله,Kalaleh,Golestan
مراوه تپه,Maraveh Tappeh,Golestan
گلوگاه,Galugah,Mazandaran
علي آباد,Aliabad,Golestan
سه راه بلده,Se-rah-e Baladeh,Mazandaran
سه راهي کلاله,Se-rah-e Kalaleh,Golestan
تقاطع سراوان,Taghato-e Saravan,Gilan
سه راهي يساقي,Yasaqi,Golestan
سه راه سنگچال,Sang Chal,Mazandaran
مرز استان,Rasht Border,Others
