{
  "Aq Chay": {
    "lat": 38.3971136,
    "lng": 48.6880604
  },
  "Astara": {
    "lat": 38.4201782,
    "lng": 48.8452169
  },
  "Talesh": {
    "lat": 37.7946853,
    "lng": 48.8632432
  },
  "Asalem": {
    "lat": 37.73212,
    "lng": 48.926861
  },
  "Punel": {
    "lat": 37.5290018,
    "lng": 49.0758298
  },
  "Ziabar": {
    "lat": 37.4251414,
    "lng": 49.2403023
  },
  "Fuman": {
    "lat": 37.2265925,
    "lng": 49.2873867
  },
  "Rasht": {
    "lat": 37.2423483,
    "lng": 49.4489188
  },
  "Pirbazar": {
    "lat": 37.3387352,
    "lng": 49.5449603
  },
  "Khomam": {
    "lat": 37.3883313,
    "lng": 49.6329057
  },
  "Anzali": {
    "lat": 37.4744348,
    "lng": 49.402576
  },
  "Rezvanshahr": {
    "lat": 37.5517487,
    "lng": 49.1169889
  },
  "Kuchesfahan": {
    "lat": 37.27849,
    "lng": 49.7580984
  },
  "Astaneh": {
    "lat": 37.2651338,
    "lng": 49.9043412
  },
  "Lahijan": {
    "lat": 37.2009983,
    "lng": 49.9313878
  },
  "Sangar": {
    "lat": 37.180363,
    "lng": 49.6741589
  },
  "Siahkal": {
    "lat": 37.1509059,
    "lng": 49.8510121
  },
  "Langarud": {
    "lat": 37.1934868,
    "lng": 50.0764503
  },
  "Shalman": {
    "lat": 37.1587163,
    "lng": 50.2079737
  },
  "Amlash": {
    "lat": 37.0951353,
    "lng": 50.1716204
  },
  "Kalachay": {
    "lat": 37.0771984,
    "lng": 50.3772173
  },
  "Chaboksar": {
    "lat": 36.9797057,
    "lng": 50.5441473
  },
  "Saravan": {
    "lat": 37.0688147,
    "lng": 49.6354153
  },
  "Imamzadeh Hashem": {
    "lat": 37.025032,
    "lng": 49.6227872
  },
  "Rostamabad": {
    "lat": 36.9003644,
    "lng": 49.4704596
  },
  "Rudbar": {
    "lat": 36.8107225,
    "lng": 49.3829431
  },
  "Manjil": {
    "lat": 36.7378603,
    "lng": 49.3868456
  },
  "Lowshan": {
    "lat": 36.6361978,
    "lng": 49.4945328
  },
  "Ramsar": {
    "lat": 36.9268,
    "lng": 50.6431
  },
  "Tonekabon": {
    "lat": 36.81944,
    "lng": 50.87189
  },
  "Abbasabad": {
    "lat": 36.72893,
    "lng": 51.10534
  },
  "Chalus": {
    "lat": 36.652830722,
    "lng": 51.419831654
  },
  "Marzanabar": {
    "lat": 36.45471231007029,
    "lng": 51.30159874523521
  },
  "Makarud": {
    "lat": 36.55032757400337,
    "lng": 51.16621615711813
  },
  "Hezar Cham": {
    "lat": 36.268972026014794,
    "lng": 51.25849279613334
  },
  "Kandovan": {
    "lat": 36.14214388136437,
    "lng": 51.30753167167498
  },
  "Tehran": {
    "lat": 36.13974395663537,
    "lng": 51.45923050449052
  },
  "Garmab": {
    "lat": 35.8465,
    "lng": 48.1999
  },
  "Rudehen": {
    "lat": 35.7308,
    "lng": 51.9033
  },
  "Firuzkuh": {
    "lat": 35.7594,
    "lng": 52.7755
  },
  "Kiasar": {
    "lat": 36.2401662,
    "lng": 53.5325006
  },
  "Sari": {
    "lat": 36.5559826,
    "lng": 53.0374294
  },
  "Juybar": {
    "lat": 36.6427999,
    "lng": 52.8831624
  },
  "Fereydunkenar": {
    "lat": 36.6862789,
    "lng": 52.5073526
  },
  "Nur": {
    "lat": 36.5742782,
    "lng": 51.9942027
  },
  "Noshahr": {
    "lat": 36.6503106,
    "lng": 51.4693374
  },
  "Ghaemshahr": {
    "lat": 36.6910923,
    "lng": 53.4998124
  },
  "Babol": {
    "lat": 36.5384499,
    "lng": 52.6415535
  },
  "Kiakala": {
    "lat": 36.5833786,
    "lng": 52.7989625
  },
  "Dabudshet": {
    "lat": 36.4766054,
    "lng": 52.4386007
  },
  "Amol": {
    "lat": 36.4660775,
    "lng": 52.323503
  },
  "Gatab": {
    "lat": 36.4298971,
    "lng": 52.6478576
  },
  "Shah Zeyd": {
    "lat": 36.20769610515406,
    "lng": 52.36243583436558
  },
  "Panjab": {
    "lat": 36.088463294589765,
    "lng": 52.25921039095544
  },
  "Gazank": {
    "lat": 35.90282488904119,
    "lng": 52.2183490475428
  },
  "Polour": {
    "lat": 35.84924731046606,
    "lng": 52.05393945714707
  },
  "Gadook": {
    "lat": 35.84042433916571,
    "lng": 52.92155689119421
  },
  "Veresk": {
    "lat": 35.9025606913674,
    "lng": 52.98697347909561
  },
  "Pol Sefid": {
    "lat": 36.11937712702555,
    "lng": 53.054716821438625
  },
  "Khazarabad": {
    "lat": 36.79081941402477,
    "lng": 53.11171167988967
  },
  "Neka": {
    "lat": 36.64245339367414,
    "lng": 53.300398541657785
  },
  "Behshahr": {
    "lat": 36.709397146833474,
    "lng": 53.548310324834446
  },
  "Galugah": {
    "lat": 36.734584212415825,
    "lng": 53.808480929472196
  },
  "Kordkuy": {
    "lat": 36.799781248592915,
    "lng": 54.10842534777379
  },
  "Ghazvin": {
    "lat": 36.2850325,
    "lng": 49.9291625
  },
  "Someh Sara": {
    "lat": 37.3046278,
    "lng": 49.3100781
  },
  "Bazar Jomeh": {
    "lat": 37.2794847,
    "lng": 49.3441466
  },
  "Jirdeh": {
    "lat": 37.1766714,
    "lng": 49.4738905
  },
  "Kiashahr": {
    "lat": 37.4168259,
    "lng": 49.9230758
  },
  "Hasanrud": {
    "lat": 37.4557931,
    "lng": 49.5760833
  },
  "Lakan": {
    "lat": 37.2051702,
    "lng": 49.5790012
  },
  "Khalkhal": {
    "lat": 37.6227853,
    "lng": 48.5096069
  },
  "Deylaman": {
    "lat": 36.8887194,
    "lng": 49.889965
  },
  "Masouleh": {
    "lat": 37.1547367,
    "lng": 48.9872434
  },
  "Ardabil": {
    "lat": 38.2420873,
    "lng": 48.2080641
  },
  "Sisangan": {
    "lat": 36.5833322,
    "lng": 51.7944867
  },
  "Shirgah": {
    "lat": 36.2995157,
    "lng": 52.8615032
  },
  "Klarabad": {
    "lat": 36.687414,
    "lng": 51.2275171
  },
  "Kalan Kalaye": {
    "lat": 37.0463659,
    "lng": 50.2839149
  },
  "Babolsar": {
    "lat": 36.7018623,
    "lng": 52.6137878
  },
  "Semnan": {
    "lat": 35.5779524,
    "lng": 53.3559533
  },
  "Mahmudabad": {
    "lat": 36.6281008,
    "lng": 52.2368706
  },
  "Siah Bisheh": {
    "lat": 36.2124499,
    "lng": 51.308577
  },
  "Gorgan": {
    "lat": 36.8317896,
    "lng": 54.3770412
  },
  "Bandar Turkman": {
    "lat": 36.90302,
    "lng": 54.034497
  },
  "Karaj": {
    "lat": 35.8279671,
    "lng": 50.8679886
  },
  "Kelardasht": {
    "lat": 36.4853591,
    "lng": 51.0993644
  },
  "Minoodasht": {
    "lat": 37.2271835,
    "lng": 55.3534322
  },
  "Shahrud": {
    "lat": 36.4075071,
    "lng": 54.9200654
  },
  "Gomishan": {
    "lat": 37.0695294,
    "lng": 54.053787
  },
  "Doab": {
    "lat": 36.0200079,
    "lng": 53.0393743
  },
  "Rudsar": {
    "lat": 37.1386546,
    "lng": 50.2607051
  },
  "Garzin Kheyl": {
    "lat": 35.9648471,
    "lng": 52.957449
  },
  "Marzanabad": {
    "lat": 36.4527979,
    "lng": 51.2847761
  },
  "Shaqaji": {
    "lat": 37.1376079,
    "lng": 49.6870456
  },
  "Behnamir": {
    "lat": 36.6680862,
    "lng": 52.7413845
  },
  "Savadkoh": {
    "lat": 36.3530962,
    "lng": 52.0091943
  },
  "Zaghmarz": {
    "lat": 36.8051088,
    "lng": 53.292682
  },
  "Bandar Amirabad": {
    "lat": 36.8507679,
    "lng": 53.3579786
  },
  "Tangrah": {
    "lat": 37.3989185,
    "lng": 55.7597347
  },
  "Aq Qala": {
    "lat": 37.0135265,
    "lng": 54.436625
  },
  "Gonbad": {
    "lat": 37.2490831,
    "lng": 55.1342547
  },
  "Incheh Borun": {
    "lat": 37.4531463,
    "lng": 54.709127
  },
  "Azadshahr": {
    "lat": 37.0910068,
    "lng": 55.1522023
  },
  "Galikesh": {
    "lat": 37.2710534,
    "lng": 55.3931166
  },
  "Kalaleh": {
    "lat": 37.3818284,
    "lng": 55.4725833
  },
  "Maraveh Tappeh": {
    "lat": 37.9046078,
    "lng": 55.9453546
  },
  "Amreh": {
    "lat": 36.4095061,
    "lng": 53.1096701
  },
  "Shakta": {
    "lat": 36.4668998,
    "lng": 53.072363
  },
  "Tuskestan": {
    "lat": 36.7814514,
    "lng": 54.5804381
  },
  "Rostamkala": {
    "lat": 36.6793017,
    "lng": 53.4160001
  },
  "Aliabad": {
    "lat": 36.9071856,
    "lng": 54.8340481
  },
  "Kiyadeh": {
    "lat": 36.2310561,
    "lng": 53.4532283
  },
  "Khosh Yeylagh": {
    "lat": 36.8496114,
    "lng": 55.3401945
  },
  "Hoseinabad": {
    "lat": 36.7468275,
    "lng": 53.3727836
  },
  "Zargarshahr": {
    "lat": 36.5165411,
    "lng": 52.5720468
  },
  "Jangal Golestan": {
    "lat": 37.412531,
    "lng": 55.8482407
  },
  "Marzpol": {
    "lat": 37.4385168,
    "lng": 54.3463829
  },
  "Se-rah-e Baladeh": {
    "lat": 36.1989958,
    "lng": 51.7958202
  },
  "Se-rah-e Kalaleh": {
    "lat": 37.3818387,
    "lng": 55.4152427
  },
  "Taghato-e Saravan": {
    "lat": 37.0408608,
    "lng": 49.6429235
  },
  "Yasaqi": {
    "lat": 36.8286853,
    "lng": 54.22462
  },
  "Sang Chal": {
    "lat": 36.1848558,
    "lng": 52.4752196
  },
  "Park Jangali": {
    "lat": 36.3039873,
    "lng": 52.3643804
  },
  "Gilvan": {
    "lat": 36.7843151,
    "lng": 48.9541728
  },
  "Tarom": {
    "lat": 36.7659432,
    "lng": 49.3909431
  },
  "Rasht Border": {
    "lat": 36.601042,
    "lng": 49.537619
  }
}